{
  "seed": "#F59120",
  "name": "material-theme",
  "description": "TYPE: CUSTOM",
  "baseline": false,
  "extendedColors": [],
  "coreColors": {
    "primary": "#F59120",
    "secondary": "#18A04A"
  },
  "schemes": {
    "light": {
      "primary": "#8d4f00",
      "onPrimary": "#ffffff",
      "primaryContainer": "#ffdcc0",
      "onPrimaryContainer": "#2e1600",
      "primaryFixed": "#ffdcc0",
      "onPrimaryFixed": "#2e1600",
      "primaryFixedDim": "#ffb877",
      "onPrimaryFixedVariant": "#6c3a00",
      "secondary": "#006e2e",
      "onSecondary": "#ffffff",
      "secondaryContainer": "#81fb99",
      "onSecondaryContainer": "#002109",
      "secondaryFixed": "#81fb99",
      "onSecondaryFixed": "#002109",
      "secondaryFixedDim": "#65de80",
      "onSecondaryFixedVariant": "#005321",
      "tertiary": "#5a6238",
      "onTertiary": "#ffffff",
      "tertiaryContainer": "#dee8b2",
      "onTertiaryContainer": "#181e00",
      "tertiaryFixed": "#dee8b2",
      "onTertiaryFixed": "#181e00",
      "tertiaryFixedDim": "#c2cb98",
      "onTertiaryFixedVariant": "#434a23",
      "error": "#ba1a1a",
      "errorContainer": "#ffdad6",
      "onError": "#ffffff",
      "onErrorContainer": "#410002",
      "background": "#fffbff",
      "onBackground": "#201b17",
      "outline": "#837469",
      "inverseOnSurface": "#faefe8",
      "inverseSurface": "#352f2b",
      "inversePrimary": "#ffb877",
      "shadow": "#000000",
      "surfaceTint": "#8d4f00",
      "outlineVariant": "#d6c3b6",
      "scrim": "#000000",
      "surface": "#fff8f5",
      "onSurface": "#201b17",
      "surfaceVariant": "#f2dfd1",
      "onSurfaceVariant": "#51443a",
      "surfaceContainerHighest": "#ece0da",
      "surfaceContainerHigh": "#f1e6df",
      "surfaceContainer": "#f7ece5",
      "surfaceContainerLow": "#fdf1ea",
      "surfaceContainerLowest": "#ffffff",
      "surfaceDim": "#e3d8d1",
      "surfaceBright": "#fff8f5"
    },
    "dark": {
      "primary": "#ffb877",
      "onPrimary": "#4b2700",
      "primaryContainer": "#6c3a00",
      "onPrimaryContainer": "#ffdcc0",
      "primaryFixed": "#ffdcc0",
      "onPrimaryFixed": "#2e1600",
      "primaryFixedDim": "#ffb877",
      "onPrimaryFixedVariant": "#6c3a00",
      "secondary": "#65de80",
      "onSecondary": "#003915",
      "secondaryContainer": "#005321",
      "onSecondaryContainer": "#81fb99",
      "secondaryFixed": "#81fb99",
      "onSecondaryFixed": "#002109",
      "secondaryFixedDim": "#65de80",
      "onSecondaryFixedVariant": "#005321",
      "tertiary": "#c2cb98",
      "onTertiary": "#2c340e",
      "tertiaryContainer": "#434a23",
      "onTertiaryContainer": "#dee8b2",
      "tertiaryFixed": "#dee8b2",
      "onTertiaryFixed": "#181e00",
      "tertiaryFixedDim": "#c2cb98",
      "onTertiaryFixedVariant": "#434a23",
      "error": "#ffb4ab",
      "errorContainer": "#93000a",
      "onError": "#690005",
      "onErrorContainer": "#ffdad6",
      "background": "#201b17",
      "onBackground": "#ece0da",
      "outline": "#9e8e82",
      "inverseOnSurface": "#201b17",
      "inverseSurface": "#ece0da",
      "inversePrimary": "#8d4f00",
      "shadow": "#000000",
      "surfaceTint": "#ffb877",
      "outlineVariant": "#51443a",
      "scrim": "#000000",
      "surface": "#17120f",
      "onSurface": "#cfc4be",
      "surfaceVariant": "#51443a",
      "onSurfaceVariant": "#d6c3b6",
      "surfaceContainerHighest": "#3a342f",
      "surfaceContainerHigh": "#2f2925",
      "surfaceContainer": "#241f1a",
      "surfaceContainerLow": "#201b17",
      "surfaceContainerLowest": "#120d0a",
      "surfaceDim": "#17120f",
      "surfaceBright": "#3e3833"
    },
    "androidLight": {
      "colorAccentPrimary": "#ffdcc0",
      "colorAccentPrimaryVariant": "#8d4f00",
      "colorAccentSecondary": "#81fb99",
      "colorAccentSecondaryVariant": "#006e2e",
      "colorAccentTertiary": "#dee8b2",
      "colorAccentTertiaryVariant": "#5a6238",
      "textColorPrimary": "#201b17",
      "textColorSecondary": "#51443a",
      "textColorTertiary": "#837469",
      "textColorPrimaryInverse": "#faefe8",
      "textColorSecondaryInverse": "#cfc4be",
      "textColorTertiaryInverse": "#988f89",
      "colorBackground": "#faefe8",
      "colorBackgroundFloating": "#fff8f5",
      "colorSurface": "#fff8f5",
      "colorSurfaceVariant": "#ece0da",
      "colorSurfaceHighlight": "#ffffff",
      "surfaceHeader": "#ece0da",
      "underSurface": "#000000",
      "offState": "#352f2b",
      "accentSurface": "#ffeee2",
      "textPrimaryOnAccent": "#201b17",
      "textSecondaryOnAccent": "#51443a",
      "volumeBackground": "#413a36",
      "scrim": "#cfc4be"
    },
    "androidDark": {
      "colorAccentPrimary": "#ffdcc0",
      "colorAccentPrimaryVariant": "#f79322",
      "colorAccentSecondary": "#81fb99",
      "colorAccentSecondaryVariant": "#46c267",
      "colorAccentTertiary": "#dee8b2",
      "colorAccentTertiaryVariant": "#a7b07f",
      "textColorPrimary": "#faefe8",
      "textColorSecondary": "#d6c3b6",
      "textColorTertiary": "#9e8e82",
      "textColorPrimaryInverse": "#201b17",
      "textColorSecondaryInverse": "#4c4541",
      "textColorTertiaryInverse": "#7e7570",
      "colorBackground": "#201b17",
      "colorBackgroundFloating": "#201b17",
      "colorSurface": "#352f2b",
      "colorSurfaceVariant": "#4c4541",
      "colorSurfaceHighlight": "#58514c",
      "surfaceHeader": "#4c4541",
      "underSurface": "#000000",
      "offState": "#352f2b",
      "accentSurface": "#ffeee2",
      "textPrimaryOnAccent": "#201b17",
      "textSecondaryOnAccent": "#51443a",
      "volumeBackground": "#413a36",
      "scrim": "#cfc4be"
    }
  },
  "palettes": {
    "primary": [
      "#000000",
      null,
      null,
      null,
      "#1a0a00",
      "#1e0c00",
      "#220f00",
      null,
      null,
      null,
      "#2e1600",
      null,
      "#331900",
      null,
      null,
      null,
      null,
      "#422200",
      null,
      null,
      "#4b2700",
      null,
      "#522b00",
      null,
      "#582f00",
      "#5b3100",
      null,
      null,
      null,
      null,
      "#6c3a00",
      null,
      null,
      null,
      null,
      "#7c4400",
      null,
      null,
      null,
      null,
      "#8d4f00",
      null,
      null,
      null,
      null,
      null,
      null,
      null,
      null,
      null,
      "#b16400",
      null,
      null,
      null,
      null,
      null,
      null,
      null,
      null,
      null,
      "#d67a00",
      null,
      null,
      null,
      null,
      null,
      null,
      null,
      null,
      null,
      "#f79322",
      null,
      null,
      null,
      null,
      null,
      null,
      null,
      null,
      null,
      "#ffb877",
      null,
      null,
      null,
      null,
      null,
      null,
      "#ffd1ac",
      null,
      null,
      "#ffdcc0",
      null,
      "#ffe3ce",
      null,
      "#ffeadb",
      "#ffeee2",
      "#fff1e8",
      null,
      "#fff8f5",
      "#fffbff",
      "#ffffff"
    ],
    "secondary": [
      "#000000",
      null,
      null,
      null,
      "#001204",
      "#001504",
      "#001805",
      null,
      null,
      null,
      "#002109",
      null,
      "#00260b",
      null,
      null,
      null,
      null,
      "#003211",
      null,
      null,
      "#003915",
      null,
      "#003e17",
      null,
      "#004319",
      "#00461b",
      null,
      null,
      null,
      null,
      "#005321",
      null,
      null,
      null,
      null,
      "#006028",
      null,
      null,
      null,
      null,
      "#006e2e",
      null,
      null,
      null,
      null,
      null,
      null,
      null,
      null,
      null,
      "#008a3c",
      null,
      null,
      null,
      null,
      null,
      null,
      null,
      null,
      null,
      "#22a64f",
      null,
      null,
      null,
      null,
      null,
      null,
      null,
      null,
      null,
      "#46c267",
      null,
      null,
      null,
      null,
      null,
      null,
      null,
      null,
      null,
      "#65de80",
      null,
      null,
      null,
      null,
      null,
      null,
      "#79f391",
      null,
      null,
      "#81fb99",
      null,
      "#95ffa6",
      null,
      "#b7ffbd",
      "#c5ffc8",
      "#d3ffd3",
      null,
      "#ebffe8",
      "#f6fff2",
      "#ffffff"
    ],
    "tertiary": [
      "#000000",
      null,
      null,
      null,
      "#0c1000",
      "#0e1300",
      "#101500",
      null,
      null,
      null,
      "#181e00",
      null,
      "#1c2201",
      null,
      null,
      null,
      null,
      "#262d08",
      null,
      null,
      "#2c340e",
      null,
      "#313812",
      null,
      "#353c16",
      "#373f18",
      null,
      null,
      null,
      null,
      "#434a23",
      null,
      null,
      null,
      null,
      "#4e562d",
      null,
      null,
      null,
      null,
      "#5a6238",
      null,
      null,
      null,
      null,
      null,
      null,
      null,
      null,
      null,
      "#737b4f",
      null,
      null,
      null,
      null,
      null,
      null,
      null,
      null,
      null,
      "#8c9566",
      null,
      null,
      null,
      null,
      null,
      null,
      null,
      null,
      null,
      "#a7b07f",
      null,
      null,
      null,
      null,
      null,
      null,
      null,
      null,
      null,
      "#c2cb98",
      null,
      null,
      null,
      null,
      null,
      null,
      "#d6dfaa",
      null,
      null,
      "#dee8b2",
      null,
      "#e4edb7",
      null,
      "#eaf3bd",
      "#edf6bf",
      "#f0f9c2",
      null,
      "#f5ffc8",
      "#fbffdf",
      "#ffffff"
    ],
    "neutral": [
      "#000000",
      null,
      null,
      null,
      "#120d0a",
      "#15100c",
      "#17120f",
      null,
      null,
      null,
      "#201b17",
      null,
      "#241f1a",
      null,
      null,
      null,
      null,
      "#2f2925",
      null,
      null,
      "#352f2b",
      null,
      "#3a342f",
      null,
      "#3e3833",
      "#413a36",
      null,
      null,
      null,
      null,
      "#4c4541",
      null,
      null,
      null,
      null,
      "#58514c",
      null,
      null,
      null,
      null,
      "#655d58",
      null,
      null,
      null,
      null,
      null,
      null,
      null,
      null,
      null,
      "#7e7570",
      null,
      null,
      null,
      null,
      null,
      null,
      null,
      null,
      null,
      "#988f89",
      null,
      null,
      null,
      null,
      null,
      null,
      null,
      null,
      null,
      "#b3a9a3",
      null,
      null,
      null,
      null,
      null,
      null,
      null,
      null,
      null,
      "#cfc4be",
      null,
      null,
      null,
      null,
      null,
      null,
      "#e3d8d1",
      null,
      null,
      "#ece0da",
      null,
      "#f1e6df",
      null,
      "#f7ece5",
      "#faefe8",
      "#fdf1ea",
      null,
      "#fff8f5",
      "#fffbff",
      "#ffffff"
    ],
    "neutralVariant": [
      "#000000",
      null,
      null,
      null,
      "#150c06",
      "#180f08",
      "#1b120a",
      null,
      null,
      null,
      "#231a11",
      null,
      "#281e15",
      null,
      null,
      null,
      null,
      "#33281f",
      null,
      null,
      "#392e25",
      null,
      "#3e3329",
      null,
      "#43372d",
      "#453930",
      null,
      null,
      null,
      null,
      "#51443a",
      null,
      null,
      null,
      null,
      "#5d5046",
      null,
      null,
      null,
      null,
      "#6a5c51",
      null,
      null,
      null,
      null,
      null,
      null,
      null,
      null,
      null,
      "#837469",
      null,
      null,
      null,
      null,
      null,
      null,
      null,
      null,
      null,
      "#9e8e82",
      null,
      null,
      null,
      null,
      null,
      null,
      null,
      null,
      null,
      "#b9a89b",
      null,
      null,
      null,
      null,
      null,
      null,
      null,
      null,
      null,
      "#d6c3b6",
      null,
      null,
      null,
      null,
      null,
      null,
      "#ead7c9",
      null,
      null,
      "#f2dfd1",
      null,
      "#f8e5d7",
      null,
      "#feeadc",
      "#ffeee2",
      "#fff1e8",
      null,
      "#fff8f5",
      "#fffbff",
      "#ffffff"
    ],
    "error": [
      "#000000",
      null,
      null,
      null,
      "#280001",
      "#2d0001",
      "#310001",
      null,
      null,
      null,
      "#410002",
      null,
      "#490002",
      null,
      null,
      null,
      null,
      "#5c0004",
      null,
      null,
      "#690005",
      null,
      "#710005",
      null,
      "#790006",
      "#7e0007",
      null,
      null,
      null,
      null,
      "#93000a",
      null,
      null,
      null,
      null,
      "#a80710",
      null,
      null,
      null,
      null,
      "#ba1a1a",
      null,
      null,
      null,
      null,
      null,
      null,
      null,
      null,
      null,
      "#de3730",
      null,
      null,
      null,
      null,
      null,
      null,
      null,
      null,
      null,
      "#ff5449",
      null,
      null,
      null,
      null,
      null,
      null,
      null,
      null,
      null,
      "#ff897d",
      null,
      null,
      null,
      null,
      null,
      null,
      null,
      null,
      null,
      "#ffb4ab",
      null,
      null,
      null,
      null,
      null,
      null,
      "#ffcfc9",
      null,
      null,
      "#ffdad6",
      null,
      "#ffe2de",
      null,
      "#ffe9e6",
      "#ffedea",
      "#fff0ee",
      null,
      "#fff8f7",
      "#fffbff",
      "#ffffff"
    ]
  },
  "styles": {
    "display": {
      "large": {
        "fontFamilyName": "Roboto",
        "fontFamilyStyle": "Regular",
        "fontWeight": 400,
        "fontSize": 57,
        "lineHeight": 64,
        "letterSpacing": -0.25
      },
      "medium": {
        "fontFamilyName": "Roboto",
        "fontFamilyStyle": "Regular",
        "fontWeight": 400,
        "fontSize": 45,
        "lineHeight": 52,
        "letterSpacing": 0
      },
      "small": {
        "fontFamilyName": "Roboto",
        "fontFamilyStyle": "Regular",
        "fontWeight": 400,
        "fontSize": 36,
        "lineHeight": 44,
        "letterSpacing": 0
      }
    },
    "headline": {
      "large": {
        "fontFamilyName": "Roboto",
        "fontFamilyStyle": "Regular",
        "fontWeight": 400,
        "fontSize": 32,
        "lineHeight": 40,
        "letterSpacing": 0
      },
      "medium": {
        "fontFamilyName": "Roboto",
        "fontFamilyStyle": "Regular",
        "fontWeight": 400,
        "fontSize": 28,
        "lineHeight": 36,
        "letterSpacing": 0
      },
      "small": {
        "fontFamilyName": "Roboto",
        "fontFamilyStyle": "Regular",
        "fontWeight": 400,
        "fontSize": 24,
        "lineHeight": 32,
        "letterSpacing": 0
      }
    },
    "body": {
      "large": {
        "fontFamilyName": "Roboto",
        "fontFamilyStyle": "Regular",
        "fontWeight": 400,
        "fontSize": 16,
        "lineHeight": 24,
        "letterSpacing": 0.5
      },
      "medium": {
        "fontFamilyName": "Roboto",
        "fontFamilyStyle": "Regular",
        "fontWeight": 400,
        "fontSize": 14,
        "lineHeight": 20,
        "letterSpacing": 0.25
      },
      "small": {
        "fontFamilyName": "Roboto",
        "fontFamilyStyle": "Regular",
        "fontWeight": 400,
        "fontSize": 12,
        "lineHeight": 16,
        "letterSpacing": 0.4000000059604645
      }
    },
    "label": {
      "large": {
        "fontFamilyName": "Roboto",
        "fontFamilyStyle": "Medium",
        "fontWeight": 500,
        "fontSize": 14,
        "lineHeight": 20,
        "letterSpacing": 0.10000000149011612
      },
      "medium": {
        "fontFamilyName": "Roboto",
        "fontFamilyStyle": "Medium",
        "fontWeight": 500,
        "fontSize": 12,
        "lineHeight": 16,
        "letterSpacing": 0.5
      },
      "small": {
        "fontFamilyName": "Roboto",
        "fontFamilyStyle": "Medium",
        "fontWeight": 500,
        "fontSize": 11,
        "lineHeight": 16,
        "letterSpacing": 0.5
      }
    },
    "title": {
      "large": {
        "fontFamilyName": "Roboto",
        "fontFamilyStyle": "Regular",
        "fontWeight": 400,
        "fontSize": 22,
        "lineHeight": 28,
        "letterSpacing": 0
      },
      "medium": {
        "fontFamilyName": "Roboto",
        "fontFamilyStyle": "Medium",
        "fontWeight": 500,
        "fontSize": 16,
        "lineHeight": 24,
        "letterSpacing": 0.15000000596046448
      },
      "small": {
        "fontFamilyName": "Roboto",
        "fontFamilyStyle": "Medium",
        "fontWeight": 500,
        "fontSize": 14,
        "lineHeight": 20,
        "letterSpacing": 0.10000000149011612
      }
    }
  },
  "customColors": []
}